Comment,Footprint,LCSC Part Number,Quantity
"100nF 0805","C_0805",C49678,35
"10uF 0805 16V X5R","C_0805",C1713,15
"100k 0805","C_0805",C17407,30
"4.7k 0805","C_0805",C17673,10
"470k 0805","C_0805",C17709,5
"33k 0805","C_0805",C17633,5
"1k 0805","C_0805",C17513,5
"1M 0805","C_0805",C17514,5
"100R 0805","C_0805",C17408,5
"BZT52C3V3 zener SOD-123","D_SOD-123",C173413,15
"SMF3.3A TVS SOD-123","SOD-123",C2917875,5
"2N7002 SOT-23","SOT-23",C8545,5
"WS2812B-B/W PLCC4","LED_5050",C114586,5
"HYG-8503A buzzer","BUZ-SMD",C18623826,5
"Amphenol 98424-F52-12ALF","CONN-SMD 2mm",C239063,5
"JST-GH SM04B-GHS-TB","JST_GH RA",C189895,5
"LSM6DS3TR-C IMU LGA-14","LGA-14",C967633,5
"OLED 2.42in SSD1309 I2C white","module",C7466001,5
